well,rc,row,col,compound,dose,dose_unit,control_type,plate_rep
A01,r01c01,A,1,GEM,100,uM,drug,1
A02,r01c02,A,2,GEM,50,uM,drug,1
A03,r01c03,A,3,GEM,25,uM,drug,1
A04,r01c04,A,4,GEM,12.5,uM,drug,1
A05,r01c05,A,5,GEM,6.25,uM,drug,1
A06,r01c06,A,6,GEM,3.125,uM,drug,1
A07,r01c07,A,7,GEM,1.5625,uM,drug,1
A08,r01c08,A,8,GEM,0.78125,uM,drug,1
A09,r01c09,A,9,GEM,0.390625,uM,drug,1
A10,r01c10,A,10,GEM,0.1953125,uM,drug,1
A11,r01c11,A,11,GEM,0.09765625,uM,drug,1
A12,r01c12,A,12,GEM,0.048828125,uM,drug,1
A13,r01c13,A,13,VP-16,50,uM,drug,1
A14,r01c14,A,14,VP-16,25,uM,drug,1
A15,r01c15,A,15,VP-16,12.5,uM,drug,1
A16,r01c16,A,16,VP-16,6.25,uM,drug,1
A17,r01c17,A,17,VP-16,3.125,uM,drug,1
A18,r01c18,A,18,VP-16,1.5625,uM,drug,1
A19,r01c19,A,19,VP-16,0.78125,uM,drug,1
A20,r01c20,A,20,VP-16,0.390625,uM,drug,1
A21,r01c21,A,21,VP-16,0.1953125,uM,drug,1
A22,r01c22,A,22,VP-16,0.09765625,uM,drug,1
A23,r01c23,A,23,VP-16,0.048828125,uM,drug,1
A24,r01c24,A,24,VP-16,0.024414063,uM,drug,1
B01,r02c01,B,1,GEM,100,uM,drug,2
B02,r02c02,B,2,GEM,50,uM,drug,2
B03,r02c03,B,3,GEM,25,uM,drug,2
B04,r02c04,B,4,GEM,12.5,uM,drug,2
B05,r02c05,B,5,GEM,6.25,uM,drug,2
B06,r02c06,B,6,GEM,3.125,uM,drug,2
B07,r02c07,B,7,GEM,1.5625,uM,drug,2
B08,r02c08,B,8,GEM,0.78125,uM,drug,2
B09,r02c09,B,9,GEM,0.390625,uM,drug,2
B10,r02c10,B,10,GEM,0.1953125,uM,drug,2
B11,r02c11,B,11,GEM,0.09765625,uM,drug,2
B12,r02c12,B,12,GEM,0.048828125,uM,drug,2
B13,r02c13,B,13,VP-16,50,uM,drug,2
B14,r02c14,B,14,VP-16,25,uM,drug,2
B15,r02c15,B,15,VP-16,12.5,uM,drug,2
B16,r02c16,B,16,VP-16,6.25,uM,drug,2
B17,r02c17,B,17,VP-16,3.125,uM,drug,2
B18,r02c18,B,18,VP-16,1.5625,uM,drug,2
B19,r02c19,B,19,VP-16,0.78125,uM,drug,2
B20,r02c20,B,20,VP-16,0.390625,uM,drug,2
B21,r02c21,B,21,VP-16,0.1953125,uM,drug,2
B22,r02c22,B,22,VP-16,0.09765625,uM,drug,2
B23,r02c23,B,23,VP-16,0.048828125,uM,drug,2
B24,r02c24,B,24,VP-16,0.024414063,uM,drug,2
C01,r03c01,C,1,GEM,100,uM,drug,3
C02,r03c02,C,2,GEM,50,uM,drug,3
C03,r03c03,C,3,GEM,25,uM,drug,3
C04,r03c04,C,4,GEM,12.5,uM,drug,3
C05,r03c05,C,5,GEM,6.25,uM,drug,3
C06,r03c06,C,6,GEM,3.125,uM,drug,3
C07,r03c07,C,7,GEM,1.5625,uM,drug,3
C08,r03c08,C,8,GEM,0.78125,uM,drug,3
C09,r03c09,C,9,GEM,0.390625,uM,drug,3
C10,r03c10,C,10,GEM,0.1953125,uM,drug,3
C11,r03c11,C,11,GEM,0.09765625,uM,drug,3
C12,r03c12,C,12,GEM,0.048828125,uM,drug,3
C13,r03c13,C,13,VP-16,50,uM,drug,3
C14,r03c14,C,14,VP-16,25,uM,drug,3
C15,r03c15,C,15,VP-16,12.5,uM,drug,3
C16,r03c16,C,16,VP-16,6.25,uM,drug,3
C17,r03c17,C,17,VP-16,3.125,uM,drug,3
C18,r03c18,C,18,VP-16,1.5625,uM,drug,3
C19,r03c19,C,19,VP-16,0.78125,uM,drug,3
C20,r03c20,C,20,VP-16,0.390625,uM,drug,3
C21,r03c21,C,21,VP-16,0.1953125,uM,drug,3
C22,r03c22,C,22,VP-16,0.09765625,uM,drug,3
C23,r03c23,C,23,VP-16,0.048828125,uM,drug,3
C24,r03c24,C,24,VP-16,0.024414063,uM,drug,3
D01,r04c01,D,1,5-FU,200,uM,drug,1
D02,r04c02,D,2,5-FU,100,uM,drug,1
D03,r04c03,D,3,5-FU,50,uM,drug,1
D04,r04c04,D,4,5-FU,25,uM,drug,1
D05,r04c05,D,5,5-FU,12.5,uM,drug,1
D06,r04c06,D,6,5-FU,6.25,uM,drug,1
D07,r04c07,D,7,5-FU,3.125,uM,drug,1
D08,r04c08,D,8,5-FU,1.5625,uM,drug,1
D09,r04c09,D,9,5-FU,0.78125,uM,drug,1
D10,r04c10,D,10,5-FU,0.390625,uM,drug,1
D11,r04c11,D,11,5-FU,0.1953125,uM,drug,1
D12,r04c12,D,12,5-FU,0.09765625,uM,drug,1
D13,r04c13,D,13,CPT,10,uM,drug,1
D14,r04c14,D,14,CPT,5,uM,drug,1
D15,r04c15,D,15,CPT,2.5,uM,drug,1
D16,r04c16,D,16,CPT,1.25,uM,drug,1
D17,r04c17,D,17,CPT,0.625,uM,drug,1
D18,r04c18,D,18,CPT,0.3125,uM,drug,1
D19,r04c19,D,19,CPT,0.15625,uM,drug,1
D20,r04c20,D,20,CPT,0.078125,uM,drug,1
D21,r04c21,D,21,CPT,0.0390625,uM,drug,1
D22,r04c22,D,22,CPT,0.01953125,uM,drug,1
D23,r04c23,D,23,CPT,0.009765625,uM,drug,1
D24,r04c24,D,24,CPT,0.004882813,uM,drug,1
E01,r05c01,E,1,5-FU,200,uM,drug,2
E02,r05c02,E,2,5-FU,100,uM,drug,2
E03,r05c03,E,3,5-FU,50,uM,drug,2
E04,r05c04,E,4,5-FU,25,uM,drug,2
E05,r05c05,E,5,5-FU,12.5,uM,drug,2
E06,r05c06,E,6,5-FU,6.25,uM,drug,2
E07,r05c07,E,7,5-FU,3.125,uM,drug,2
E08,r05c08,E,8,5-FU,1.5625,uM,drug,2
E09,r05c09,E,9,5-FU,0.78125,uM,drug,2
E10,r05c10,E,10,5-FU,0.390625,uM,drug,2
E11,r05c11,E,11,5-FU,0.1953125,uM,drug,2
E12,r05c12,E,12,5-FU,0.09765625,uM,drug,2
E13,r05c13,E,13,CPT,10,uM,drug,2
E14,r05c14,E,14,CPT,5,uM,drug,2
E15,r05c15,E,15,CPT,2.5,uM,drug,2
E16,r05c16,E,16,CPT,1.25,uM,drug,2
E17,r05c17,E,17,CPT,0.625,uM,drug,2
E18,r05c18,E,18,CPT,0.3125,uM,drug,2
E19,r05c19,E,19,CPT,0.15625,uM,drug,2
E20,r05c20,E,20,CPT,0.078125,uM,drug,2
E21,r05c21,E,21,CPT,0.0390625,uM,drug,2
E22,r05c22,E,22,CPT,0.01953125,uM,drug,2
E23,r05c23,E,23,CPT,0.009765625,uM,drug,2
E24,r05c24,E,24,CPT,0.004882813,uM,drug,2
F01,r06c01,F,1,5-FU,200,uM,drug,3
F02,r06c02,F,2,5-FU,100,uM,drug,3
F03,r06c03,F,3,5-FU,50,uM,drug,3
F04,r06c04,F,4,5-FU,25,uM,drug,3
F05,r06c05,F,5,5-FU,12.5,uM,drug,3
F06,r06c06,F,6,5-FU,6.25,uM,drug,3
F07,r06c07,F,7,5-FU,3.125,uM,drug,3
F08,r06c08,F,8,5-FU,1.5625,uM,drug,3
F09,r06c09,F,9,5-FU,0.78125,uM,drug,3
F10,r06c10,F,10,5-FU,0.390625,uM,drug,3
F11,r06c11,F,11,5-FU,0.1953125,uM,drug,3
F12,r06c12,F,12,5-FU,0.09765625,uM,drug,3
F13,r06c13,F,13,CPT,10,uM,drug,3
F14,r06c14,F,14,CPT,5,uM,drug,3
F15,r06c15,F,15,CPT,2.5,uM,drug,3
F16,r06c16,F,16,CPT,1.25,uM,drug,3
F17,r06c17,F,17,CPT,0.625,uM,drug,3
F18,r06c18,F,18,CPT,0.3125,uM,drug,3
F19,r06c19,F,19,CPT,0.15625,uM,drug,3
F20,r06c20,F,20,CPT,0.078125,uM,drug,3
F21,r06c21,F,21,CPT,0.0390625,uM,drug,3
F22,r06c22,F,22,CPT,0.01953125,uM,drug,3
F23,r06c23,F,23,CPT,0.009765625,uM,drug,3
F24,r06c24,F,24,CPT,0.004882813,uM,drug,3
G01,r07c01,G,1,DOX,250,uM,drug,1
G02,r07c02,G,2,DOX,125,uM,drug,1
G03,r07c03,G,3,DOX,62.5,uM,drug,1
G04,r07c04,G,4,DOX,31.25,uM,drug,1
G05,r07c05,G,5,DOX,15.625,uM,drug,1
G06,r07c06,G,6,DOX,7.8125,uM,drug,1
G07,r07c07,G,7,DOX,3.90625,uM,drug,1
G08,r07c08,G,8,DOX,1.953125,uM,drug,1
G09,r07c09,G,9,DOX,0.9765625,uM,drug,1
G10,r07c10,G,10,DOX,0.48828125,uM,drug,1
G11,r07c11,G,11,DOX,0.244140625,uM,drug,1
G12,r07c12,G,12,DOX,0.122070313,uM,drug,1
G13,r07c13,G,13,DTX,1,uM,drug,1
G14,r07c14,G,14,DTX,0.5,uM,drug,1
G15,r07c15,G,15,DTX,0.25,uM,drug,1
G16,r07c16,G,16,DTX,0.125,uM,drug,1
G17,r07c17,G,17,DTX,0.0625,uM,drug,1
G18,r07c18,G,18,DTX,0.03125,uM,drug,1
G19,r07c19,G,19,DTX,0.015625,uM,drug,1
G20,r07c20,G,20,DTX,0.0078125,uM,drug,1
G21,r07c21,G,21,DTX,0.00390625,uM,drug,1
G22,r07c22,G,22,DTX,0.001953125,uM,drug,1
G23,r07c23,G,23,DTX,0.000976563,uM,drug,1
G24,r07c24,G,24,DTX,0.000488281,uM,drug,1
H01,r08c01,H,1,DOX,250,uM,drug,2
H02,r08c02,H,2,DOX,125,uM,drug,2
H03,r08c03,H,3,DOX,62.5,uM,drug,2
H04,r08c04,H,4,DOX,31.25,uM,drug,2
H05,r08c05,H,5,DOX,15.625,uM,drug,2
H06,r08c06,H,6,DOX,7.8125,uM,drug,2
H07,r08c07,H,7,DOX,3.90625,uM,drug,2
H08,r08c08,H,8,DOX,1.953125,uM,drug,2
H09,r08c09,H,9,DOX,0.9765625,uM,drug,2
H10,r08c10,H,10,DOX,0.48828125,uM,drug,2
H11,r08c11,H,11,DOX,0.244140625,uM,drug,2
H12,r08c12,H,12,DOX,0.122070313,uM,drug,2
H13,r08c13,H,13,DTX,1,uM,drug,2
H14,r08c14,H,14,DTX,0.5,uM,drug,2
H15,r08c15,H,15,DTX,0.25,uM,drug,2
H16,r08c16,H,16,DTX,0.125,uM,drug,2
H17,r08c17,H,17,DTX,0.0625,uM,drug,2
H18,r08c18,H,18,DTX,0.03125,uM,drug,2
H19,r08c19,H,19,DTX,0.015625,uM,drug,2
H20,r08c20,H,20,DTX,0.0078125,uM,drug,2
H21,r08c21,H,21,DTX,0.00390625,uM,drug,2
H22,r08c22,H,22,DTX,0.001953125,uM,drug,2
H23,r08c23,H,23,DTX,0.000976563,uM,drug,2
H24,r08c24,H,24,DTX,0.000488281,uM,drug,2
I01,r09c01,I,1,DOX,250,uM,drug,3
I02,r09c02,I,2,DOX,125,uM,drug,3
I03,r09c03,I,3,DOX,62.5,uM,drug,3
I04,r09c04,I,4,DOX,31.25,uM,drug,3
I05,r09c05,I,5,DOX,15.625,uM,drug,3
I06,r09c06,I,6,DOX,7.8125,uM,drug,3
I07,r09c07,I,7,DOX,3.90625,uM,drug,3
I08,r09c08,I,8,DOX,1.953125,uM,drug,3
I09,r09c09,I,9,DOX,0.9765625,uM,drug,3
I10,r09c10,I,10,DOX,0.48828125,uM,drug,3
I11,r09c11,I,11,DOX,0.244140625,uM,drug,3
I12,r09c12,I,12,DOX,0.122070313,uM,drug,3
I13,r09c13,I,13,DTX,1,uM,drug,3
I14,r09c14,I,14,DTX,0.5,uM,drug,3
I15,r09c15,I,15,DTX,0.25,uM,drug,3
I16,r09c16,I,16,DTX,0.125,uM,drug,3
I17,r09c17,I,17,DTX,0.0625,uM,drug,3
I18,r09c18,I,18,DTX,0.03125,uM,drug,3
I19,r09c19,I,19,DTX,0.015625,uM,drug,3
I20,r09c20,I,20,DTX,0.0078125,uM,drug,3
I21,r09c21,I,21,DTX,0.00390625,uM,drug,3
I22,r09c22,I,22,DTX,0.001953125,uM,drug,3
I23,r09c23,I,23,DTX,0.000976563,uM,drug,3
I24,r09c24,I,24,DTX,0.000488281,uM,drug,3
J01,r10c01,J,1,VP-16,110,uM,drug,1
J02,r10c02,J,2,VP-16,55,uM,drug,1
J03,r10c03,J,3,VP-16,27.5,uM,drug,1
J04,r10c04,J,4,VP-16,13.75,uM,drug,1
J05,r10c05,J,5,VP-16,6.875,uM,drug,1
J06,r10c06,J,6,VP-16,3.4375,uM,drug,1
J07,r10c07,J,7,VP-16,1.71875,uM,drug,1
J08,r10c08,J,8,VP-16,0.859375,uM,drug,1
J09,r10c09,J,9,VP-16,0.4296875,uM,drug,1
J10,r10c10,J,10,VP-16,0.21484375,uM,drug,1
J11,r10c11,J,11,VP-16,0.107421875,uM,drug,1
J12,r10c12,J,12,VP-16,0.053710938,uM,drug,1
J13,r10c13,J,13,PTX,10,uM,drug,1
J14,r10c14,J,14,PTX,5,uM,drug,1
J15,r10c15,J,15,PTX,2.5,uM,drug,1
J16,r10c16,J,16,PTX,1.25,uM,drug,1
J17,r10c17,J,17,PTX,0.625,uM,drug,1
J18,r10c18,J,18,PTX,0.3125,uM,drug,1
J19,r10c19,J,19,PTX,0.15625,uM,drug,1
J20,r10c20,J,20,PTX,0.078125,uM,drug,1
J21,r10c21,J,21,PTX,0.0390625,uM,drug,1
J22,r10c22,J,22,PTX,0.01953125,uM,drug,1
J23,r10c23,J,23,PTX,0.009765625,uM,drug,1
J24,r10c24,J,24,PTX,0.004882813,uM,drug,1
K01,r11c01,K,1,VP-16,110,uM,drug,2
K02,r11c02,K,2,VP-16,55,uM,drug,2
K03,r11c03,K,3,VP-16,27.5,uM,drug,2
K04,r11c04,K,4,VP-16,13.75,uM,drug,2
K05,r11c05,K,5,VP-16,6.875,uM,drug,2
K06,r11c06,K,6,VP-16,3.4375,uM,drug,2
K07,r11c07,K,7,VP-16,1.71875,uM,drug,2
K08,r11c08,K,8,VP-16,0.859375,uM,drug,2
K09,r11c09,K,9,VP-16,0.4296875,uM,drug,2
K10,r11c10,K,10,VP-16,0.21484375,uM,drug,2
K11,r11c11,K,11,VP-16,0.107421875,uM,drug,2
K12,r11c12,K,12,VP-16,0.053710938,uM,drug,2
K13,r11c13,K,13,PTX,10,uM,drug,2
K14,r11c14,K,14,PTX,5,uM,drug,2
K15,r11c15,K,15,PTX,2.5,uM,drug,2
K16,r11c16,K,16,PTX,1.25,uM,drug,2
K17,r11c17,K,17,PTX,0.625,uM,drug,2
K18,r11c18,K,18,PTX,0.3125,uM,drug,2
K19,r11c19,K,19,PTX,0.15625,uM,drug,2
K20,r11c20,K,20,PTX,0.078125,uM,drug,2
K21,r11c21,K,21,PTX,0.0390625,uM,drug,2
K22,r11c22,K,22,PTX,0.01953125,uM,drug,2
K23,r11c23,K,23,PTX,0.009765625,uM,drug,2
K24,r11c24,K,24,PTX,0.004882813,uM,drug,2
L01,r12c01,L,1,VP-16,110,uM,drug,3
L02,r12c02,L,2,VP-16,55,uM,drug,3
L03,r12c03,L,3,VP-16,27.5,uM,drug,3
L04,r12c04,L,4,VP-16,13.75,uM,drug,3
L05,r12c05,L,5,VP-16,6.875,uM,drug,3
L06,r12c06,L,6,VP-16,3.4375,uM,drug,3
L07,r12c07,L,7,VP-16,1.71875,uM,drug,3
L08,r12c08,L,8,VP-16,0.859375,uM,drug,3
L09,r12c09,L,9,VP-16,0.4296875,uM,drug,3
L10,r12c10,L,10,VP-16,0.21484375,uM,drug,3
L11,r12c11,L,11,VP-16,0.107421875,uM,drug,3
L12,r12c12,L,12,VP-16,0.053710938,uM,drug,3
L13,r12c13,L,13,PTX,10,uM,drug,3
L14,r12c14,L,14,PTX,5,uM,drug,3
L15,r12c15,L,15,PTX,2.5,uM,drug,3
L16,r12c16,L,16,PTX,1.25,uM,drug,3
L17,r12c17,L,17,PTX,0.625,uM,drug,3
L18,r12c18,L,18,PTX,0.3125,uM,drug,3
L19,r12c19,L,19,PTX,0.15625,uM,drug,3
L20,r12c20,L,20,PTX,0.078125,uM,drug,3
L21,r12c21,L,21,PTX,0.0390625,uM,drug,3
L22,r12c22,L,22,PTX,0.01953125,uM,drug,3
L23,r12c23,L,23,PTX,0.009765625,uM,drug,3
L24,r12c24,L,24,PTX,0.004882813,uM,drug,3
N01,r14c01,N,1,DMSO,0.5,%,negative,
N02,r14c02,N,2,DMSO,0.5,%,negative,
N03,r14c03,N,3,DMSO,0.5,%,negative,
N04,r14c04,N,4,DMSO,0.5,%,negative,
N05,r14c05,N,5,DMSO,0.5,%,negative,
N06,r14c06,N,6,DMSO,0.5,%,negative,
N07,r14c07,N,7,DMSO,0.5,%,negative,
N08,r14c08,N,8,DMSO,0.5,%,negative,
N09,r14c09,N,9,DMSO,0.5,%,negative,
N10,r14c10,N,10,DMSO,0.5,%,negative,
N11,r14c11,N,11,DMSO,0.5,%,negative,
N12,r14c12,N,12,DMSO,0.5,%,negative,
N13,r14c13,N,13,MMS,4,mM,positive,
N14,r14c14,N,14,MMS,4,mM,positive,
N15,r14c15,N,15,MMS,4,mM,positive,
N16,r14c16,N,16,MMS,4,mM,positive,
N17,r14c17,N,17,MMS,4,mM,positive,
N18,r14c18,N,18,MMS,4,mM,positive,
N19,r14c19,N,19,MMS,4,mM,positive,
N20,r14c20,N,20,MMS,4,mM,positive,
N21,r14c21,N,21,MMS,4,mM,positive,
N22,r14c22,N,22,MMS,4,mM,positive,
N23,r14c23,N,23,MMS,4,mM,positive,
N24,r14c24,N,24,MMS,4,mM,positive,
O01,r15c01,O,1,DMSO,0.5,%,negative,
O02,r15c02,O,2,DMSO,0.5,%,negative,
O03,r15c03,O,3,DMSO,0.5,%,negative,
O04,r15c04,O,4,DMSO,0.5,%,negative,
O05,r15c05,O,5,DMSO,0.5,%,negative,
O06,r15c06,O,6,DMSO,0.5,%,negative,
O07,r15c07,O,7,DMSO,0.5,%,negative,
O08,r15c08,O,8,DMSO,0.5,%,negative,
O09,r15c09,O,9,DMSO,0.5,%,negative,
O10,r15c10,O,10,DMSO,0.5,%,negative,
O11,r15c11,O,11,DMSO,0.5,%,negative,
O12,r15c12,O,12,DMSO,0.5,%,negative,
O13,r15c13,O,13,MMS,4,mM,positive,
O14,r15c14,O,14,MMS,4,mM,positive,
O15,r15c15,O,15,MMS,4,mM,positive,
O16,r15c16,O,16,MMS,4,mM,positive,
O17,r15c17,O,17,MMS,4,mM,positive,
O18,r15c18,O,18,MMS,4,mM,positive,
O19,r15c19,O,19,MMS,4,mM,positive,
O20,r15c20,O,20,MMS,4,mM,positive,
O21,r15c21,O,21,MMS,4,mM,positive,
O22,r15c22,O,22,MMS,4,mM,positive,
O23,r15c23,O,23,MMS,4,mM,positive,
O24,r15c24,O,24,MMS,4,mM,positive,
P01,r16c01,P,1,DMSO,0.5,%,negative,
P02,r16c02,P,2,DMSO,0.5,%,negative,
P03,r16c03,P,3,DMSO,0.5,%,negative,
P04,r16c04,P,4,DMSO,0.5,%,negative,
P05,r16c05,P,5,DMSO,0.5,%,negative,
P06,r16c06,P,6,DMSO,0.5,%,negative,
P07,r16c07,P,7,DMSO,0.5,%,negative,
P08,r16c08,P,8,DMSO,0.5,%,negative,
P09,r16c09,P,9,DMSO,0.5,%,negative,
P10,r16c10,P,10,DMSO,0.5,%,negative,
P11,r16c11,P,11,DMSO,0.5,%,negative,
P12,r16c12,P,12,DMSO,0.5,%,negative,
P13,r16c13,P,13,MMS,4,mM,positive,
P14,r16c14,P,14,MMS,4,mM,positive,
P15,r16c15,P,15,MMS,4,mM,positive,
P16,r16c16,P,16,MMS,4,mM,positive,
P17,r16c17,P,17,MMS,4,mM,positive,
P18,r16c18,P,18,MMS,4,mM,positive,
P19,r16c19,P,19,MMS,4,mM,positive,
P20,r16c20,P,20,MMS,4,mM,positive,
P21,r16c21,P,21,MMS,4,mM,positive,
P22,r16c22,P,22,MMS,4,mM,positive,
P23,r16c23,P,23,MMS,4,mM,positive,
P24,r16c24,P,24,MMS,4,mM,positive,
